Employee_Number,Job_Role,Department,Job_Level,Job_Satisfaction,Performance_Rating,Years_At_Company,Years_In_CurrentRole,Environment_Satisfaction
1,Sales Executive,Sales,2,4,3,6,4,2
2,Research Scientist,Research & Development,2,2,4,10,7,3
4,Laboratory Technician,Research & Development,1,3,3,0,0,4
5,Research Scientist,Research & Development,1,3,3,8,7,4
7,Laboratory Technician,Research & Development,1,2,3,2,2,1
8,Laboratory Technician,Research & Development,1,4,3,7,7,4
10,Laboratory Technician,Research & Development,1,1,4,1,0,3
11,Laboratory Technician,Research & Development,1,3,4,1,0,4
12,Manufacturing Director,Research & Development,3,3,4,9,7,4
13,Healthcare Representative,Research & Development,2,3,3,7,7,3
14,Laboratory Technician,Research & Development,1,2,3,5,4,1
15,Laboratory Technician,Research & Development,2,3,3,9,5,4
16,Research Scientist,Research & Development,1,3,3,5,2,1
18,Laboratory Technician,Research & Development,1,4,3,2,2,2
19,Laboratory Technician,Research & Development,1,3,3,4,2,3
20,Manufacturing Director,Research & Development,3,1,3,10,9,2
21,Research Scientist,Research & Development,1,2,3,6,2,1
22,Laboratory Technician,Research & Development,1,4,3,1,0,4
23,Manager,Sales,4,4,3,25,8,1
24,Research Scientist,Research & Development,1,4,3,3,2,4
26,Manufacturing Director,Research & Development,2,3,3,4,2,1
27,Sales Representative,Sales,1,1,4,5,3,3
28,Research Director,Research & Development,3,2,3,12,6,1
30,Research Scientist,Research & Development,1,4,3,0,0,3
31,Research Scientist,Research & Development,1,1,3,4,2,2
32,Manager,Research & Development,5,3,3,14,13,3
33,Research Scientist,Research & Development,1,1,4,10,2,2
35,Sales Executive,Sales,2,2,3,9,7,3
36,Healthcare Representative,Research & Development,3,4,3,22,6,1
38,Manager,Sales,5,1,3,2,2,2
39,Laboratory Technician,Research & Development,1,4,3,1,1,3
40,Healthcare Representative,Research & Development,2,4,3,4,2,4
41,Laboratory Technician,Research & Development,1,3,3,10,0,4
42,Sales Representative,Sales,2,4,3,1,0,4
45,Research Scientist,Research & Development,1,4,3,2,0,2
46,Research Scientist,Research & Development,1,3,3,5,3,4
47,Sales Representative,Sales,1,3,3,3,2,1
49,Sales Representative,Sales,1,4,3,2,2,4
51,Research Scientist,Research & Development,1,1,3,1,1,2
52,Sales Executive,Sales,2,1,3,5,3,3
53,Laboratory Technician,Research & Development,1,4,3,1,0,3
54,Laboratory Technician,Research & Development,1,1,3,1,0,4
55,Laboratory Technician,Research & Development,1,3,3,1,0,1
56,Sales Executive,Sales,3,3,3,9,8,4
57,Laboratory Technician,Research & Development,2,4,4,12,8,3
58,Research Director,Research & Development,5,3,3,22,15,2
60,Sales Executive,Sales,2,3,4,9,5,2
61,Research Scientist,Research & Development,1,2,4,1,0,2
62,Sales Executive,Sales,2,4,4,9,6,1
63,Laboratory Technician,Research & Development,1,4,3,1,0,4
64,Laboratory Technician,Research & Development,3,3,3,1,0,1
65,Laboratory Technician,Research & Development,1,3,3,2,2,3
68,Sales Executive,Sales,2,1,4,4,3,2
70,Healthcare Representative,Research & Development,3,1,3,4,0,3
72,Sales Executive,Sales,2,4,3,2,2,3
73,Research Director,Research & Development,3,4,3,15,14,1
74,Sales Executive,Sales,3,1,4,9,8,2
75,Laboratory Technician,Research & Development,1,1,3,2,2,3
76,Laboratory Technician,Research & Development,2,4,4,7,7,4
77,Manufacturing Director,Research & Development,2,3,3,7,5,1
78,Manufacturing Director,Research & Development,2,4,4,9,8,1
79,Laboratory Technician,Research & Development,2,4,3,10,3,4
80,Research Director,Research & Development,5,3,3,27,3,2
81,Sales Executive,Sales,3,1,3,21,16,1
83,Healthcare Representative,Research & Development,3,3,3,17,14,3
84,Manager,Research & Development,4,3,3,5,0,4
85,Manufacturing Director,Research & Development,2,2,3,6,5,2
86,Research Scientist,Research & Development,3,1,3,1,0,2
88,Research Scientist,Research & Development,1,1,3,3,2,2
90,Research Scientist,Research & Development,1,3,3,1,0,4
91,Sales Executive,Sales,2,3,3,4,3,1
94,Research Scientist,Research & Development,1,2,4,5,4,3
95,Research Scientist,Research & Development,1,2,3,1,1,3
96,Research Scientist,Research & Development,2,2,3,10,4,2
97,Laboratory Technician,Research & Development,1,4,3,1,0,2
98,Manufacturing Director,Research & Development,2,4,4,11,7,3
100,Sales Executive,Sales,2,1,3,15,13,3
101,Research Director,Research & Development,3,1,3,0,0,4
102,Research Director,Research & Development,3,3,3,5,2,1
103,Human Resources,Human Resources,2,2,4,4,2,2
104,Laboratory Technician,Research & Development,2,4,3,10,8,4
105,Research Scientist,Research & Development,1,3,3,6,4,2
106,Sales Executive,Sales,3,4,3,1,0,1
107,Research Scientist,Research & Development,2,4,3,13,11,2
110,Manufacturing Director,Research & Development,2,2,3,5,2,1
112,Manufacturing Director,Research & Development,3,4,3,6,4,4
113,Sales Representative,Sales,1,1,3,0,0,3
116,Laboratory Technician,Research & Development,1,4,4,4,2,4
117,Healthcare Representative,Research & Development,2,4,3,11,10,3
118,Sales Executive,Sales,3,4,3,9,8,3
119,Healthcare Representative,Research & Development,4,2,4,22,3,3
120,Sales Executive,Sales,2,4,4,10,7,3
121,Sales Executive,Sales,2,2,3,11,8,3
124,Healthcare Representative,Research & Development,3,1,3,10,9,3
125,Sales Executive,Sales,2,3,3,11,8,2
126,Research Director,Research & Development,3,3,3,4,3,1
128,Sales Executive,Sales,2,3,4,3,2,1
129,Sales Executive,Sales,2,3,3,5,4,2
131,Sales Executive,Sales,4,3,3,37,10,4
132,Laboratory Technician,Research & Development,2,2,3,3,2,2
133,Human Resources,Human Resources,1,1,4,3,2,3
134,Research Scientist,Research & Development,1,1,3,1,0,4
137,Laboratory Technician,Research & Development,1,4,3,1,0,4
138,Research Scientist,Research & Development,2,3,3,16,13,1
139,Healthcare Representative,Research & Development,2,4,3,1,0,3
140,Manager,Human Resources,5,4,4,3,2,3
141,Research Director,Research & Development,5,2,3,8,3,1
142,Sales Executive,Sales,2,3,3,6,4,3
143,Research Scientist,Research & Development,1,4,3,2,2,4
144,Laboratory Technician,Research & Development,1,4,3,0,0,2
145,Healthcare Representative,Research & Development,3,1,4,13,12,1
147,Laboratory Technician,Research & Development,2,3,4,9,7,1
148,Manager,Human Resources,4,4,3,5,3,4
150,Laboratory Technician,Research & Development,1,3,3,5,3,2
151,Research Scientist,Research & Development,2,2,3,1,0,3
152,Sales Executive,Sales,3,4,3,5,3,3
153,Manager,Research & Development,3,1,3,11,10,3
154,Sales Executive,Sales,3,4,3,9,7,2
155,Laboratory Technician,Research & Development,1,4,4,1,0,1
158,Manager,Sales,4,4,3,25,12,3
159,Research Scientist,Research & Development,1,3,4,10,7,1
160,Sales Executive,Sales,2,2,3,7,7,3
161,Research Scientist,Research & Development,1,2,3,5,4,2
162,Research Director,Research & Development,5,3,3,20,18,1
163,Sales Executive,Sales,2,3,3,7,7,2
164,Research Scientist,Research & Development,1,2,3,5,4,3
165,Healthcare Representative,Research & Development,3,4,3,40,10,4
167,Sales Representative,Sales,1,3,3,0,0,4
169,Laboratory Technician,Research & Development,1,4,3,2,1,3
170,Manufacturing Director,Research & Development,2,1,3,15,11,3
171,Research Scientist,Research & Development,1,3,3,3,2,2
174,Sales Executive,Sales,3,4,3,2,2,3
175,Sales Executive,Sales,2,3,3,2,2,2
176,Sales Executive,Sales,3,3,3,9,7,3
177,Human Resources,Human Resources,1,3,4,8,7,3
178,Manufacturing Director,Research & Development,2,2,4,3,2,2
179,Manufacturing Director,Research & Development,3,4,3,4,2,1
182,Sales Executive,Sales,2,3,3,15,11,4
183,Sales Executive,Sales,2,3,3,2,2,1
184,Human Resources,Human Resources,2,4,3,11,9,3
190,Laboratory Technician,Research & Development,1,1,4,5,4,1
192,Research Scientist,Research & Development,1,4,3,6,5,3
193,Research Scientist,Research & Development,2,3,4,3,2,4
194,Research Scientist,Research & Development,1,3,3,5,4,1
195,Sales Executive,Sales,2,4,3,8,7,4
197,Research Scientist,Research & Development,1,1,3,3,2,4
198,Laboratory Technician,Research & Development,1,4,3,5,3,2
199,Manager,Research & Development,4,1,3,7,6,4
200,Laboratory Technician,Research & Development,1,1,4,5,0,3
201,Laboratory Technician,Research & Development,1,2,3,1,0,2
202,Research Scientist,Research & Development,2,2,3,20,7,2
204,Sales Executive,Sales,3,2,3,10,8,3
205,Sales Representative,Sales,2,3,4,7,7,2
206,Laboratory Technician,Research & Development,2,2,3,17,9,2
207,Sales Executive,Sales,3,4,3,9,8,2
208,Manufacturing Director,Research & Development,2,3,3,10,7,4
211,Manufacturing Director,Research & Development,2,3,3,1,0,2
214,Research Scientist,Research & Development,1,2,4,1,0,2
215,Sales Executive,Sales,3,4,3,12,11,3
216,Sales Representative,Sales,1,3,3,4,3,3
217,Research Scientist,Research & Development,1,4,4,2,2,3
218,Research Scientist,Research & Development,1,2,3,2,2,4
221,Research Scientist,Research & Development,1,4,3,5,2,3
223,Healthcare Representative,Research & Development,3,4,3,5,3,3
224,Research Scientist,Research & Development,1,3,3,1,1,3
226,Manager,Research & Development,5,2,3,5,4,3
227,Research Scientist,Research & Development,1,3,3,9,8,1
228,Sales Executive,Sales,3,4,3,10,9,2
230,Sales Executive,Sales,2,4,4,8,3,1
231,Research Scientist,Research & Development,1,3,4,5,4,3
233,Research Scientist,Research & Development,1,2,3,5,2,3
235,Sales Representative,Sales,1,1,4,0,0,3
238,Laboratory Technician,Research & Development,1,2,3,8,7,4
239,Laboratory Technician,Research & Development,2,1,3,12,9,3
240,Sales Executive,Sales,2,1,3,5,4,3
241,Research Scientist,Research & Development,1,1,3,2,2,3
242,Research Scientist,Research & Development,1,4,3,3,1,3
243,Laboratory Technician,Research & Development,1,4,4,1,0,2
244,Sales Executive,Sales,3,1,4,24,13,2
245,Laboratory Technician,Research & Development,1,4,3,2,2,3
246,Research Scientist,Research & Development,1,4,4,4,2,3
247,Research Scientist,Research & Development,1,2,3,3,2,4
248,Sales Representative,Sales,1,2,4,4,3,2
249,Laboratory Technician,Research & Development,1,3,3,3,2,3
250,Manufacturing Director,Research & Development,2,1,3,4,2,4
252,Research Scientist,Research & Development,1,2,3,8,7,4
253,Manager,Research & Development,5,3,3,20,8,4
254,Research Director,Research & Development,5,2,3,24,15,3
256,Manufacturing Director,Research & Development,2,3,3,10,9,4
258,Healthcare Representative,Research & Development,4,2,3,7,7,4
259,Manager,Research & Development,5,3,3,33,18,3
260,Research Scientist,Research & Development,1,2,3,7,7,4
261,Manufacturing Director,Research & Development,2,3,3,1,0,2
262,Research Scientist,Research & Development,1,4,3,5,4,4
264,Manager,Research & Development,4,4,4,20,8,1
267,Research Scientist,Research & Development,1,1,3,8,7,2
269,Laboratory Technician,Research & Development,2,2,3,6,2,2
270,Manufacturing Director,Research & Development,2,3,3,5,3,3
271,Manufacturing Director,Research & Development,2,3,3,1,0,4
273,Manufacturing Director,Research & Development,2,4,3,7,7,4
274,Manufacturing Director,Research & Development,2,1,3,2,2,3
275,Manufacturing Director,Research & Development,2,4,3,7,7,4
277,Research Scientist,Research & Development,1,3,3,5,3,4
281,Laboratory Technician,Research & Development,2,4,3,7,2,3
282,Healthcare Representative,Research & Development,2,1,3,1,0,2
283,Sales Executive,Sales,3,4,4,10,4,2
284,Research Scientist,Research & Development,1,2,3,4,2,4
286,Laboratory Technician,Research & Development,1,4,3,8,1,2
287,Healthcare Representative,Research & Development,2,4,3,3,2,4
288,Healthcare Representative,Research & Development,3,1,3,4,2,4
291,Sales Executive,Sales,3,4,3,14,8,4
292,Manufacturing Director,Research & Development,3,3,4,11,8,3
293,Sales Executive,Sales,2,3,3,7,7,4
296,Research Director,Research & Development,3,2,3,10,9,2
297,Research Scientist,Research & Development,1,1,3,5,2,4
298,Manager,Sales,3,4,3,1,0,4
299,Sales Executive,Sales,2,1,3,6,3,3
300,Research Scientist,Research & Development,1,3,3,6,2,3
302,Sales Executive,Sales,3,4,3,19,7,4
303,Sales Executive,Sales,2,1,3,6,2,4
304,Laboratory Technician,Research & Development,2,2,3,13,11,4
305,Research Scientist,Research & Development,1,2,4,3,2,3
306,Research Director,Research & Development,3,4,3,10,8,2
307,Sales Executive,Sales,3,3,3,16,10,1
308,Manufacturing Director,Research & Development,2,3,3,5,4,3
309,Research Scientist,Research & Development,1,4,3,1,0,3
311,Sales Representative,Sales,1,4,3,9,8,1
312,Sales Executive,Sales,3,4,3,11,10,2
314,Sales Executive,Sales,3,3,3,10,7,3
315,Research Scientist,Research & Development,1,4,3,4,3,3
316,Laboratory Technician,Research & Development,1,4,3,2,2,3
319,Manager,Research & Development,5,4,3,22,17,3
321,Human Resources,Human Resources,1,3,3,2,2,2
323,Manager,Sales,5,4,3,7,0,4
325,Laboratory Technician,Research & Development,1,4,3,5,4,3
327,Manager,Sales,4,4,4,17,13,4
328,Laboratory Technician,Research & Development,1,1,4,9,7,1
329,Manager,Sales,5,3,3,33,7,1
330,Sales Representative,Sales,1,2,3,4,3,3
331,Laboratory Technician,Research & Development,1,3,3,3,2,4
332,Laboratory Technician,Research & Development,1,3,3,3,2,3
333,Sales Executive,Sales,2,4,3,3,2,3
334,Research Scientist,Research & Development,2,1,3,1,0,3
335,Research Scientist,Research & Development,2,4,3,9,8,1
336,Manager,Research & Development,5,4,3,24,0,3
337,Research Director,Research & Development,3,3,3,2,2,2
338,Research Scientist,Research & Development,1,4,3,2,2,3
339,Manufacturing Director,Research & Development,2,1,3,11,9,4
340,Research Scientist,Research & Development,1,1,3,3,1,3
341,Manufacturing Director,Research & Development,2,3,3,3,2,1
342,Manufacturing Director,Research & Development,3,3,3,1,0,1
343,Healthcare Representative,Research & Development,3,3,4,19,6,3
346,Research Scientist,Research & Development,1,4,3,6,5,3
347,Research Scientist,Research & Development,2,1,3,3,2,4
349,Sales Executive,Sales,2,4,3,3,2,4
350,Manufacturing Director,Research & Development,2,3,3,4,2,1
351,Laboratory Technician,Research & Development,1,1,3,9,6,4
352,Research Director,Research & Development,5,3,3,21,7,1
353,Research Scientist,Research & Development,1,4,3,1,0,3
355,Laboratory Technician,Research & Development,1,2,3,5,4,3
359,Laboratory Technician,Research & Development,1,2,4,5,1,2
361,Sales Executive,Sales,2,4,3,8,7,4
362,Laboratory Technician,Research & Development,2,1,3,6,2,4
363,Manager,Sales,4,2,3,7,7,3
364,Laboratory Technician,Research & Development,1,3,3,0,0,1
366,Sales Executive,Sales,2,2,3,0,0,1
367,Healthcare Representative,Research & Development,2,4,4,9,0,2
369,Healthcare Representative,Research & Development,2,1,3,6,3,2
372,Healthcare Representative,Research & Development,4,4,3,20,7,3
373,Laboratory Technician,Research & Development,1,4,3,15,13,4
374,Manager,Research & Development,5,1,3,36,10,4
376,Manager,Research & Development,3,2,3,10,7,1
377,Research Scientist,Research & Development,1,4,4,5,2,4
378,Sales Executive,Sales,2,4,3,5,4,3
379,Research Scientist,Research & Development,1,3,3,3,2,4
380,Research Director,Research & Development,3,4,3,5,2,1
381,Manager,Research & Development,3,2,3,7,7,2
382,Sales Executive,Sales,2,1,4,8,0,1
384,Manufacturing Director,Research & Development,2,2,4,6,5,3
385,Research Director,Research & Development,5,2,3,10,4,1
386,Research Director,Research & Development,4,3,3,5,3,3
387,Sales Executive,Sales,2,3,4,20,16,2
388,Sales Executive,Sales,2,4,3,10,7,2
389,Laboratory Technician,Research & Development,2,4,3,10,7,2
390,Healthcare Representative,Research & Development,2,1,3,5,3,1
391,Research Scientist,Research & Development,1,4,3,17,12,4
392,Laboratory Technician,Research & Development,1,3,4,1,0,4
393,Healthcare Representative,Research & Development,2,4,3,2,2,4
394,Laboratory Technician,Research & Development,1,2,3,3,2,1
395,Research Scientist,Research & Development,1,4,4,5,3,4
396,Research Director,Research & Development,5,1,3,3,2,3
397,Research Scientist,Research & Development,2,2,3,8,0,3
399,Sales Representative,Sales,1,2,3,2,2,4
401,Sales Executive,Sales,2,4,3,8,7,4
403,Research Scientist,Research & Development,1,4,3,4,2,2
404,Sales Executive,Sales,4,2,3,20,4,3
405,Laboratory Technician,Research & Development,1,3,3,0,0,3
406,Sales Executive,Sales,3,2,3,11,9,3
407,Laboratory Technician,Research & Development,1,4,3,1,0,3
408,Manufacturing Director,Research & Development,2,2,3,4,1,4
410,Manager,Sales,4,2,3,22,10,4
411,Sales Representative,Sales,1,3,3,0,0,4
412,Healthcare Representative,Research & Development,2,1,3,8,3,2
416,Sales Executive,Sales,2,4,3,8,7,2
417,Healthcare Representative,Research & Development,3,4,3,18,10,3
419,Laboratory Technician,Research & Development,2,2,3,9,8,2
420,Sales Executive,Sales,2,3,3,13,8,4
421,Research Director,Research & Development,3,2,3,10,8,1
422,Healthcare Representative,Research & Development,2,3,3,5,3,4
423,Research Scientist,Research & Development,1,4,3,5,2,3
424,Human Resources,Human Resources,2,1,3,2,2,1
425,Laboratory Technician,Research & Development,3,1,3,24,9,1
426,Research Scientist,Research & Development,1,4,3,2,2,3
428,Manager,Research & Development,3,2,3,10,6,4
429,Manager,Research & Development,4,1,3,21,9,3
430,Laboratory Technician,Research & Development,1,4,3,8,7,3
431,Healthcare Representative,Research & Development,4,3,3,7,1,3
433,Research Scientist,Research & Development,2,2,3,8,2,3
434,Research Scientist,Research & Development,1,2,3,4,3,3
436,Sales Executive,Sales,2,2,3,13,12,3
437,Sales Executive,Sales,2,3,3,5,4,4
438,Sales Executive,Sales,2,4,3,7,7,4
439,Research Scientist,Research & Development,2,4,3,7,7,1
440,Research Scientist,Research & Development,1,4,3,3,2,1
441,Research Scientist,Research & Development,2,4,3,10,8,4
442,Manufacturing Director,Research & Development,3,3,4,10,9,3
444,Manager,Research & Development,5,4,3,21,9,3
445,Sales Executive,Sales,2,3,3,1,0,4
446,Sales Executive,Sales,2,4,3,7,7,2
447,Research Director,Research & Development,5,3,3,3,2,4
448,Laboratory Technician,Research & Development,2,3,3,9,7,3
449,Sales Executive,Sales,2,2,3,5,4,3
450,Research Scientist,Research & Development,2,3,3,4,3,4
451,Healthcare Representative,Research & Development,3,1,3,1,0,3
452,Research Scientist,Research & Development,2,4,3,10,9,4
453,Sales Executive,Sales,2,4,4,4,3,2
454,Laboratory Technician,Research & Development,1,1,3,7,7,2
455,Laboratory Technician,Research & Development,1,4,3,3,2,2
456,Sales Executive,Sales,2,3,3,10,9,4
458,Sales Executive,Sales,2,2,3,8,7,2
460,Manufacturing Director,Research & Development,2,4,3,6,2,4
461,Research Director,Research & Development,3,4,3,11,10,3
462,Manufacturing Director,Research & Development,3,4,3,11,9,3
463,Sales Executive,Sales,2,2,3,7,7,4
464,Manufacturing Director,Research & Development,3,2,3,16,6,3
465,Research Scientist,Research & Development,1,4,3,4,2,3
466,Manufacturing Director,Research & Development,2,2,3,5,4,4
467,Sales Representative,Sales,2,3,3,0,0,2
468,Research Director,Research & Development,4,4,3,1,0,1
469,Sales Executive,Sales,2,3,3,4,3,4
470,Human Resources,Human Resources,1,3,3,3,2,3
471,Laboratory Technician,Research & Development,1,2,3,8,0,3
473,Manager,Sales,3,3,4,0,0,1
474,Research Scientist,Research & Development,2,1,3,7,7,3
475,Sales Executive,Sales,2,3,3,2,2,4
476,Sales Executive,Sales,2,3,3,8,7,3
477,Healthcare Representative,Research & Development,2,4,4,1,0,1
478,Sales Representative,Sales,1,2,3,3,2,1
479,Sales Executive,Sales,2,4,3,1,0,4
481,Sales Executive,Sales,3,4,3,13,9,1
482,Healthcare Representative,Research & Development,2,3,3,3,2,4
483,Laboratory Technician,Research & Development,1,3,3,7,7,4
484,Sales Representative,Sales,1,4,4,3,2,1
485,Sales Representative,Sales,1,3,3,1,0,4
486,Laboratory Technician,Research & Development,1,1,4,5,4,3
487,Manufacturing Director,Research & Development,2,3,3,1,0,3
488,Sales Executive,Sales,2,2,3,8,7,1
491,Healthcare Representative,Research & Development,3,4,3,4,3,4
492,Sales Executive,Sales,2,3,3,6,4,3
493,Research Scientist,Research & Development,1,2,3,2,2,3
494,Sales Representative,Sales,1,2,3,1,0,3
495,Research Scientist,Research & Development,1,4,3,3,2,4
496,Healthcare Representative,Research & Development,2,2,3,1,1,3
497,Laboratory Technician,Research & Development,1,2,3,5,2,4
498,Sales Executive,Sales,2,4,3,7,5,2
499,Healthcare Representative,Research & Development,3,3,4,5,2,2
500,Sales Executive,Sales,2,4,3,7,7,3
501,Research Scientist,Research & Development,1,3,3,2,2,4
502,Sales Executive,Sales,2,4,3,5,2,1
505,Manager,Research & Development,4,4,3,5,4,3
507,Sales Executive,Sales,2,3,3,5,2,4
508,Sales Representative,Sales,1,2,3,1,0,3
510,Research Scientist,Research & Development,1,1,4,6,4,3
511,Research Scientist,Research & Development,1,2,3,2,1,1
513,Sales Executive,Sales,3,3,3,10,9,2
514,Research Scientist,Research & Development,1,4,4,1,0,3
515,Laboratory Technician,Research & Development,1,1,3,18,7,4
516,Sales Executive,Sales,2,2,3,5,4,4
517,Laboratory Technician,Research & Development,1,1,3,5,2,2
518,Manufacturing Director,Research & Development,2,2,3,1,0,3
520,Research Director,Research & Development,4,2,3,25,10,1
521,Laboratory Technician,Research & Development,2,3,4,1,0,2
522,Research Director,Research & Development,5,1,3,4,2,1
523,Sales Executive,Sales,2,3,3,3,2,3
524,Manufacturing Director,Research & Development,2,1,3,13,10,2
525,Laboratory Technician,Research & Development,1,4,4,3,2,4
526,Healthcare Representative,Research & Development,2,3,3,5,2,3
527,Sales Executive,Sales,2,4,3,5,4,2
529,Research Scientist,Research & Development,2,3,3,13,11,2
530,Laboratory Technician,Research & Development,1,1,3,4,2,4
531,Manager,Research & Development,5,3,3,21,8,2
532,Sales Executive,Sales,4,1,3,7,7,3
533,Sales Executive,Sales,2,3,3,5,4,2
534,Sales Executive,Sales,3,1,3,10,7,2
536,Laboratory Technician,Research & Development,2,1,3,10,0,3
538,Laboratory Technician,Research & Development,1,1,3,2,2,1
543,Manufacturing Director,Research & Development,3,3,3,5,4,4
544,Research Scientist,Research & Development,1,4,4,2,2,1
546,Manager,Research & Development,4,4,3,5,2,4
547,Research Scientist,Research & Development,2,3,3,5,4,1
548,Manufacturing Director,Research & Development,2,4,4,5,4,3
549,Manager,Research & Development,5,1,3,29,8,1
550,Manufacturing Director,Research & Development,2,3,3,10,7,3
551,Healthcare Representative,Research & Development,2,4,3,6,5,4
554,Sales Representative,Sales,1,2,3,5,3,1
555,Sales Representative,Sales,1,3,3,2,2,4
556,Laboratory Technician,Research & Development,1,4,4,1,0,4
558,Manager,Sales,5,3,3,20,15,3
560,Research Scientist,Research & Development,1,4,4,3,2,1
562,Laboratory Technician,Research & Development,1,4,3,5,3,3
564,Research Director,Research & Development,3,3,3,10,2,2
565,Research Scientist,Research & Development,1,2,3,2,2,3
566,Human Resources,Human Resources,1,4,3,1,0,1
567,Sales Executive,Sales,3,1,3,9,8,3
568,Manager,Sales,4,4,3,1,0,1
569,Manager,Research & Development,4,3,3,27,10,2
571,Laboratory Technician,Research & Development,1,4,3,11,7,3
573,Sales Executive,Sales,3,1,3,18,13,3
574,Manufacturing Director,Research & Development,2,4,3,5,0,1
575,Research Director,Research & Development,4,3,3,3,2,1
577,Laboratory Technician,Research & Development,1,3,3,5,4,4
578,Laboratory Technician,Research & Development,2,3,3,1,0,3
579,Research Scientist,Research & Development,1,3,3,7,3,4
580,Sales Executive,Sales,3,4,3,3,2,3
581,Manufacturing Director,Research & Development,3,2,4,13,8,3
582,Manager,Research & Development,3,3,3,7,6,2
584,Laboratory Technician,Research & Development,1,4,3,4,3,1
585,Sales Representative,Sales,1,2,3,3,2,4
586,Healthcare Representative,Research & Development,3,3,3,8,7,4
587,Healthcare Representative,Research & Development,3,3,3,1,0,1
590,Human Resources,Human Resources,3,1,3,3,2,2
591,Laboratory Technician,Research & Development,1,3,3,2,2,2
592,Sales Executive,Sales,3,4,3,10,3,2
593,Laboratory Technician,Research & Development,1,3,3,2,2,3
595,Sales Executive,Sales,2,4,3,9,7,2
597,Manager,Sales,4,2,4,10,9,1
599,Sales Executive,Sales,2,4,3,14,3,4
600,Sales Executive,Sales,2,3,3,11,9,2
601,Manufacturing Director,Research & Development,4,3,3,20,6,2
602,Laboratory Technician,Research & Development,1,3,3,8,3,3
604,Sales Executive,Sales,2,4,3,6,5,2
605,Manufacturing Director,Research & Development,3,1,4,10,9,4
606,Sales Executive,Sales,2,2,3,8,7,4
608,Human Resources,Human Resources,1,3,3,7,7,2
611,Manufacturing Director,Research & Development,2,4,3,3,2,4
612,Research Director,Research & Development,4,3,3,6,1,1
613,Manager,Sales,3,4,4,5,4,3
614,Sales Representative,Sales,1,2,3,0,0,2
615,Sales Executive,Sales,3,1,3,1,0,3
616,Healthcare Representative,Research & Development,2,3,3,8,7,1
618,Sales Executive,Sales,2,3,3,0,0,1
620,Sales Executive,Sales,2,3,3,5,4,1
621,Sales Executive,Sales,2,4,3,10,7,4
622,Laboratory Technician,Research & Development,1,4,3,1,0,3
623,Manufacturing Director,Research & Development,3,4,3,6,5,2
624,Healthcare Representative,Research & Development,3,3,3,2,2,1
625,Manager,Sales,4,1,3,18,16,2
626,Sales Executive,Sales,3,2,3,9,5,1
630,Research Scientist,Research & Development,2,1,3,10,9,4
631,Sales Executive,Sales,2,3,3,4,2,4
632,Sales Representative,Sales,1,4,3,2,2,4
634,Healthcare Representative,Research & Development,2,3,3,1,0,3
635,Manufacturing Director,Research & Development,2,2,3,6,5,2
638,Research Director,Research & Development,5,3,3,31,9,4
639,Research Scientist,Research & Development,1,4,3,6,5,2
641,Sales Executive,Sales,2,2,4,5,3,1
643,Laboratory Technician,Research & Development,1,2,4,1,0,4
644,Manager,Human Resources,5,2,3,32,5,1
645,Sales Representative,Sales,1,3,3,7,4,2
647,Laboratory Technician,Research & Development,1,3,3,6,3,1
648,Sales Representative,Sales,1,1,3,1,0,2
649,Research Scientist,Research & Development,1,4,3,6,5,2
650,Sales Executive,Sales,2,1,3,3,1,2
652,Laboratory Technician,Research & Development,2,4,3,3,2,1
653,Sales Executive,Sales,2,4,4,7,7,1
655,Research Scientist,Research & Development,1,3,3,5,3,1
656,Sales Executive,Sales,2,3,3,3,0,4
657,Research Scientist,Research & Development,1,2,3,1,0,4
659,Healthcare Representative,Research & Development,2,4,3,10,2,3
661,Research Director,Research & Development,4,4,3,1,0,2
662,Research Scientist,Research & Development,1,1,3,0,0,3
663,Laboratory Technician,Research & Development,2,3,3,8,7,4
664,Manager,Research & Development,4,1,3,3,2,4
665,Human Resources,Human Resources,2,3,3,2,2,1
666,Sales Representative,Sales,1,3,3,8,2,3
667,Sales Representative,Sales,1,1,3,4,3,3
669,Sales Representative,Sales,1,3,3,3,2,3
671,Manager,Research & Development,5,4,3,2,2,4
675,Research Scientist,Research & Development,1,3,4,2,2,1
677,Sales Executive,Sales,2,3,3,5,0,3
679,Research Scientist,Research & Development,2,4,3,6,4,1
680,Research Scientist,Research & Development,1,3,4,1,0,3
682,Sales Executive,Sales,2,1,4,14,7,4
683,Research Scientist,Research & Development,1,4,3,10,9,2
684,Sales Executive,Sales,2,1,3,1,1,1
686,Laboratory Technician,Research & Development,1,4,3,3,2,3
689,Manufacturing Director,Research & Development,3,3,3,10,7,3
690,Sales Executive,Sales,2,3,3,6,0,2
691,Research Scientist,Research & Development,2,4,3,17,11,2
692,Healthcare Representative,Research & Development,2,4,4,13,11,3
698,Human Resources,Human Resources,3,2,3,9,7,3
699,Manufacturing Director,Research & Development,2,2,3,3,2,2
700,Research Scientist,Research & Development,1,4,3,4,2,1
701,Research Scientist,Research & Development,1,3,3,1,0,4
702,Research Scientist,Research & Development,1,1,3,10,8,1
704,Laboratory Technician,Research & Development,1,3,3,1,0,3
705,Research Scientist,Research & Development,1,1,3,3,2,1
707,Sales Executive,Sales,2,2,4,3,2,4
709,Sales Executive,Sales,2,4,4,7,7,4
710,Research Scientist,Research & Development,1,4,3,10,7,2
712,Sales Executive,Sales,2,2,3,2,2,2
714,Sales Executive,Sales,2,4,4,6,5,4
715,Research Scientist,Research & Development,1,4,3,1,0,4
716,Laboratory Technician,Research & Development,1,3,3,20,8,4
717,Healthcare Representative,Research & Development,3,2,3,8,7,4
720,Sales Executive,Sales,2,3,3,2,2,1
721,Healthcare Representative,Research & Development,2,3,3,20,7,4
722,Sales Executive,Sales,2,4,3,10,7,4
723,Sales Executive,Sales,2,3,3,4,3,2
724,Healthcare Representative,Research & Development,2,4,3,9,7,2
725,Manufacturing Director,Research & Development,3,1,3,9,7,3
727,Research Director,Research & Development,3,4,3,7,7,3
728,Sales Executive,Sales,2,1,3,7,7,4
729,Sales Executive,Sales,3,1,4,18,13,4
730,Research Director,Research & Development,4,3,3,5,1,3
731,Manager,Human Resources,5,4,3,21,6,2
732,Sales Executive,Sales,2,1,3,2,2,1
733,Manufacturing Director,Research & Development,3,1,4,9,7,4
734,Manager,Human Resources,5,3,3,22,7,4
738,Sales Representative,Sales,1,2,3,2,2,4
741,Research Scientist,Research & Development,1,2,3,7,7,1
742,Research Director,Research & Development,3,1,3,8,7,1
743,Manufacturing Director,Research & Development,3,3,3,1,0,3
744,Laboratory Technician,Research & Development,1,3,3,5,2,1
746,Sales Executive,Sales,4,3,3,22,2,4
747,Sales Executive,Sales,2,4,4,8,7,3
749,Sales Representative,Sales,1,3,3,1,0,3
752,Research Scientist,Research & Development,1,3,3,2,2,3
754,Sales Executive,Sales,2,4,3,2,2,4
757,Healthcare Representative,Research & Development,2,3,3,5,1,2
758,Laboratory Technician,Research & Development,1,1,3,4,3,2
760,Human Resources,Human Resources,2,2,3,8,3,3
762,Healthcare Representative,Research & Development,4,4,3,10,7,3
763,Research Scientist,Research & Development,1,4,4,4,2,4
764,Healthcare Representative,Research & Development,2,1,3,7,6,4
766,Sales Representative,Sales,1,2,3,2,2,4
769,Laboratory Technician,Research & Development,2,4,3,2,2,4
771,Healthcare Representative,Research & Development,2,1,3,1,0,4
772,Laboratory Technician,Research & Development,2,4,3,10,8,1
773,Research Scientist,Research & Development,1,3,3,1,0,4
775,Manufacturing Director,Research & Development,2,1,3,0,0,2
776,Manager,Sales,4,1,3,34,6,3
780,Research Scientist,Research & Development,1,4,3,10,9,4
781,Sales Executive,Sales,2,4,4,6,5,3
783,Sales Representative,Sales,2,3,3,8,7,2
784,Research Scientist,Research & Development,1,3,3,2,2,1
785,Sales Executive,Sales,2,3,3,5,4,2
786,Sales Executive,Sales,2,4,4,6,5,4
787,Manager,Research & Development,5,1,3,5,2,4
789,Sales Executive,Sales,3,1,3,10,7,1
791,Research Scientist,Research & Development,1,4,3,4,3,4
792,Laboratory Technician,Research & Development,1,4,3,2,2,1
793,Healthcare Representative,Research & Development,2,3,3,8,7,2
796,Sales Executive,Sales,2,1,3,4,3,4
797,Research Scientist,Research & Development,1,4,3,4,2,2
799,Manufacturing Director,Research & Development,2,1,3,5,3,4
800,Sales Executive,Sales,2,4,3,4,2,3
802,Research Scientist,Research & Development,1,1,3,5,3,4
803,Manufacturing Director,Research & Development,2,1,3,15,7,1
804,Research Scientist,Research & Development,1,1,3,6,5,3
805,Sales Representative,Sales,1,4,3,3,2,1
806,Laboratory Technician,Research & Development,1,3,4,2,2,4
807,Healthcare Representative,Research & Development,2,2,4,8,7,3
808,Sales Executive,Sales,2,1,3,3,2,3
809,Manager,Research & Development,5,4,3,24,7,2
811,Laboratory Technician,Research & Development,1,1,4,0,0,3
812,Laboratory Technician,Research & Development,1,2,3,1,0,3
813,Laboratory Technician,Research & Development,2,3,4,5,2,4
815,Research Director,Research & Development,4,3,3,4,3,3
816,Laboratory Technician,Research & Development,1,1,3,1,0,2
817,Research Director,Research & Development,3,3,3,13,9,3
819,Sales Executive,Sales,2,1,3,3,2,1
820,Manager,Research & Development,4,4,3,26,14,3
823,Manufacturing Director,Research & Development,2,2,3,9,7,3
824,Research Scientist,Research & Development,1,3,4,10,7,3
825,Research Director,Research & Development,5,2,3,31,15,4
826,Research Scientist,Research & Development,1,3,3,2,2,4
827,Manufacturing Director,Research & Development,2,4,3,4,3,4
828,Research Scientist,Research & Development,1,3,3,2,2,3
829,Human Resources,Human Resources,1,2,3,5,2,3
830,Manufacturing Director,Research & Development,2,3,3,14,13,3
832,Laboratory Technician,Research & Development,2,3,3,1,0,1
833,Manufacturing Director,Research & Development,2,4,4,0,0,3
834,Research Scientist,Research & Development,1,3,3,1,0,2
836,Manufacturing Director,Research & Development,2,2,3,9,8,2
837,Healthcare Representative,Research & Development,2,1,3,4,3,1
838,Research Scientist,Research & Development,1,4,3,5,2,3
840,Sales Executive,Sales,3,4,3,9,8,3
842,Sales Executive,Sales,2,4,3,9,7,3
843,Research Director,Research & Development,4,1,4,4,1,2
844,Research Director,Research & Development,3,4,3,9,8,3
845,Manufacturing Director,Research & Development,3,3,4,8,5,3
846,Sales Executive,Sales,2,2,4,8,7,2
847,Human Resources,Human Resources,1,4,3,3,2,3
848,Research Scientist,Research & Development,1,3,3,8,7,3
850,Research Scientist,Research & Development,1,4,3,0,0,4
851,Manager,Sales,4,3,3,20,6,1
852,Healthcare Representative,Research & Development,2,2,3,5,2,4
854,Research Scientist,Research & Development,1,1,3,4,3,1
855,Sales Executive,Sales,2,1,4,9,8,1
856,Research Scientist,Research & Development,1,1,3,6,5,3
857,Sales Executive,Sales,2,4,3,18,14,2
859,Sales Executive,Sales,2,4,3,5,2,2
861,Research Scientist,Research & Development,1,4,3,5,4,2
862,Sales Executive,Sales,3,4,3,5,2,1
864,Sales Executive,Sales,3,1,3,5,4,4
865,Research Scientist,Research & Development,2,3,3,5,3,3
867,Manufacturing Director,Research & Development,4,4,4,9,8,3
868,Sales Executive,Sales,2,3,3,1,0,4
869,Human Resources,Human Resources,1,4,3,5,1,2
872,Manufacturing Director,Research & Development,2,4,4,2,2,4
874,Laboratory Technician,Research & Development,1,4,4,3,2,1
875,Research Scientist,Research & Development,1,4,3,2,1,2
878,Human Resources,Human Resources,1,1,4,5,4,1
879,Sales Executive,Sales,2,1,3,5,3,3
880,Manufacturing Director,Research & Development,3,3,4,17,14,4
881,Research Scientist,Research & Development,1,2,3,10,2,4
882,Laboratory Technician,Research & Development,1,4,3,3,0,4
885,Sales Executive,Sales,2,1,3,5,2,3
887,Research Scientist,Research & Development,1,1,3,4,2,3
888,Laboratory Technician,Research & Development,1,4,3,5,2,1
889,Sales Executive,Sales,2,2,3,10,8,2
893,Sales Representative,Sales,1,2,3,2,2,2
894,Laboratory Technician,Research & Development,2,4,3,5,3,3
895,Research Scientist,Research & Development,1,4,3,6,4,4
896,Sales Representative,Sales,1,3,3,3,2,2
897,Sales Executive,Sales,4,4,3,2,0,1
899,Manufacturing Director,Research & Development,3,2,3,13,10,4
900,Sales Representative,Sales,1,4,3,5,4,3
901,Research Director,Research & Development,4,4,3,12,9,4
902,Healthcare Representative,Research & Development,2,4,3,5,2,4
903,Sales Executive,Sales,2,4,4,7,6,3
904,Sales Executive,Sales,3,2,3,10,0,1
905,Manager,Research & Development,4,1,3,31,6,1
909,Human Resources,Human Resources,2,4,3,5,4,4
910,Human Resources,Human Resources,1,2,3,4,3,4
911,Laboratory Technician,Research & Development,1,4,4,1,0,1
912,Laboratory Technician,Research & Development,1,4,3,4,3,1
913,Research Scientist,Research & Development,1,1,3,8,7,2
916,Sales Executive,Sales,2,4,3,4,2,1
918,Laboratory Technician,Research & Development,1,4,3,1,0,4
920,Manufacturing Director,Research & Development,2,2,4,1,0,1
922,Sales Representative,Sales,1,3,3,2,2,3
923,Research Scientist,Research & Development,1,4,3,1,0,4
924,Healthcare Representative,Research & Development,2,4,3,16,8,3
925,Sales Representative,Sales,1,4,3,3,2,4
926,Manufacturing Director,Research & Development,2,3,3,3,2,2
927,Laboratory Technician,Research & Development,1,4,3,7,7,2
930,Research Scientist,Research & Development,1,3,3,2,2,3
932,Laboratory Technician,Research & Development,1,1,4,2,2,4
933,Research Scientist,Research & Development,1,3,3,1,1,2
934,Laboratory Technician,Research & Development,1,2,3,1,0,2
936,Sales Executive,Sales,2,3,3,5,4,3
939,Research Scientist,Research & Development,1,1,3,3,2,3
940,Healthcare Representative,Research & Development,3,2,3,6,0,3
941,Sales Representative,Sales,1,3,3,7,7,2
942,Healthcare Representative,Research & Development,2,4,4,10,6,4
944,Laboratory Technician,Research & Development,3,2,3,26,9,1
945,Research Scientist,Research & Development,1,3,3,0,0,4
947,Sales Executive,Sales,2,3,3,9,8,4
949,Research Scientist,Research & Development,1,4,3,6,2,2
950,Research Director,Research & Development,3,1,3,15,12,4
951,Laboratory Technician,Research & Development,1,2,4,3,0,3
952,Sales Representative,Sales,1,2,3,1,0,3
954,Sales Executive,Sales,3,2,3,1,0,1
956,Sales Executive,Sales,2,1,3,7,7,3
957,Laboratory Technician,Research & Development,1,1,3,18,13,4
958,Laboratory Technician,Research & Development,1,3,4,11,8,3
959,Sales Representative,Sales,1,2,3,1,0,4
960,Laboratory Technician,Research & Development,1,1,3,1,0,1
961,Healthcare Representative,Research & Development,2,4,3,9,7,4
964,Research Scientist,Research & Development,1,2,3,1,1,4
966,Manufacturing Director,Research & Development,2,1,3,8,7,3
967,Sales Executive,Sales,3,4,3,16,7,3
969,Healthcare Representative,Research & Development,2,4,3,5,0,2
970,Sales Executive,Sales,3,3,3,14,1,1
972,Laboratory Technician,Research & Development,2,2,3,9,7,3
974,Sales Representative,Sales,1,4,3,3,1,3
975,Sales Executive,Sales,2,3,3,5,2,3
976,Manager,Research & Development,4,4,3,9,8,4
977,Research Scientist,Research & Development,1,3,4,1,0,4
981,Manager,Sales,4,3,3,17,13,3
982,Sales Executive,Sales,3,3,3,8,4,3
983,Sales Executive,Sales,2,4,3,5,3,3
984,Sales Executive,Sales,3,4,3,10,9,4
985,Sales Executive,Sales,3,3,3,8,7,1
986,Sales Executive,Sales,4,2,3,1,0,2
987,Manufacturing Director,Research & Development,2,3,3,19,10,3
990,Sales Executive,Sales,2,4,3,7,7,1
991,Research Scientist,Research & Development,1,1,4,3,2,3
992,Manager,Sales,4,3,3,10,8,4
994,Research Scientist,Research & Development,1,1,4,0,0,4
995,Research Scientist,Research & Development,1,4,3,3,2,2
996,Laboratory Technician,Research & Development,1,4,3,5,3,4
997,Research Director,Research & Development,4,4,4,5,4,4
998,Healthcare Representative,Research & Development,2,2,3,6,5,3
999,Research Director,Research & Development,5,3,3,18,16,1
1001,Laboratory Technician,Research & Development,1,2,3,2,2,3
1002,Laboratory Technician,Research & Development,2,1,3,9,8,4
1003,Sales Executive,Sales,2,4,3,9,0,4
1004,Research Scientist,Research & Development,1,3,3,5,2,1
1005,Manufacturing Director,Research & Development,4,3,3,12,11,4
1006,Research Scientist,Research & Development,1,3,3,2,1,3
1007,Manufacturing Director,Research & Development,3,3,3,8,7,4
1009,Manufacturing Director,Research & Development,2,3,3,4,2,4
1010,Laboratory Technician,Research & Development,1,2,4,4,2,3
1011,Manufacturing Director,Research & Development,2,1,3,4,3,3
1012,Research Scientist,Research & Development,1,4,3,0,0,2
1013,Manufacturing Director,Research & Development,3,3,3,10,7,3
1014,Healthcare Representative,Research & Development,3,3,3,16,10,3
1015,Research Director,Research & Development,3,1,3,8,7,2
1016,Research Scientist,Research & Development,1,1,3,1,0,4
1017,Laboratory Technician,Research & Development,1,2,3,3,2,2
1018,Manufacturing Director,Research & Development,2,4,3,8,7,4
1019,Laboratory Technician,Research & Development,1,1,3,4,3,2
1022,Healthcare Representative,Research & Development,2,3,3,2,2,1
1024,Healthcare Representative,Research & Development,3,3,3,15,11,3
1025,Manufacturing Director,Research & Development,2,3,3,2,2,4
1026,Manufacturing Director,Research & Development,4,4,3,21,6,4
1027,Manufacturing Director,Research & Development,2,4,3,3,2,1
1028,Laboratory Technician,Research & Development,1,4,4,3,2,2
1029,Manager,Sales,5,3,3,1,0,4
1030,Laboratory Technician,Research & Development,1,4,3,1,0,1
1032,Manufacturing Director,Research & Development,4,4,3,5,3,3
1033,Healthcare Representative,Research & Development,2,2,3,1,0,1
1034,Healthcare Representative,Research & Development,2,2,3,8,7,3
1035,Research Director,Research & Development,5,3,4,21,16,2
1036,Sales Executive,Sales,2,4,3,1,0,2
1037,Sales Executive,Sales,2,1,3,2,2,2
1038,Manager,Sales,5,4,3,32,14,1
1039,Sales Executive,Sales,4,4,3,12,11,4
1040,Sales Executive,Sales,2,3,3,18,7,4
1042,Laboratory Technician,Research & Development,1,1,3,17,13,3
1043,Manufacturing Director,Research & Development,3,1,3,21,6,4
1044,Sales Representative,Sales,1,4,3,2,2,2
1045,Manager,Sales,4,4,3,9,3,4
1046,Laboratory Technician,Research & Development,1,3,3,8,7,4
1047,Sales Executive,Sales,2,4,3,15,1,2
1048,Manager,Sales,3,4,3,6,4,2
1049,Human Resources,Human Resources,1,2,3,6,3,2
1050,Sales Executive,Sales,3,2,3,15,7,3
1052,Laboratory Technician,Research & Development,2,3,3,1,0,1
1053,Research Scientist,Research & Development,1,1,3,3,2,1
1055,Sales Representative,Sales,1,3,3,1,1,3
1056,Sales Representative,Sales,1,2,4,1,0,4
1060,Research Scientist,Research & Development,1,3,3,2,2,3
1061,Research Director,Research & Development,5,3,3,8,1,2
1062,Healthcare Representative,Research & Development,2,2,3,4,3,4
1066,Sales Executive,Sales,2,1,3,7,7,3
1068,Research Scientist,Research & Development,1,3,3,5,3,1
1069,Research Director,Research & Development,5,4,3,2,2,4
1070,Sales Executive,Sales,3,3,3,9,4,3
1071,Research Scientist,Research & Development,1,3,3,5,4,1
1073,Manufacturing Director,Research & Development,3,4,3,14,8,4
1074,Manager,Research & Development,4,1,3,9,7,3
1076,Sales Executive,Sales,3,4,3,1,0,3
1077,Sales Representative,Sales,1,4,3,2,2,4
1079,Laboratory Technician,Research & Development,1,1,3,1,0,3
1080,Research Scientist,Research & Development,2,1,4,16,13,4
1081,Research Scientist,Research & Development,1,3,3,10,0,1
1082,Healthcare Representative,Research & Development,3,1,3,10,7,2
1083,Laboratory Technician,Research & Development,1,1,3,5,3,1
1084,Manufacturing Director,Research & Development,2,1,3,6,2,3
1085,Research Scientist,Research & Development,1,3,3,10,6,2
1088,Healthcare Representative,Research & Development,3,3,3,19,9,3
1092,Healthcare Representative,Research & Development,3,4,4,11,10,1
1094,Laboratory Technician,Research & Development,1,3,3,3,2,1
1096,Manufacturing Director,Research & Development,3,2,3,3,2,4
1097,Research Scientist,Research & Development,2,3,3,8,7,3
1098,Human Resources,Human Resources,3,1,3,20,6,2
1099,Healthcare Representative,Research & Development,3,4,3,3,2,4
1100,Sales Executive,Sales,3,1,4,8,7,4
1101,Research Scientist,Research & Development,2,3,4,13,7,1
1102,Laboratory Technician,Research & Development,1,3,3,4,2,1
1103,Healthcare Representative,Research & Development,2,4,3,6,2,1
1105,Sales Executive,Sales,2,4,3,1,0,4
1106,Laboratory Technician,Research & Development,1,4,3,7,7,4
1107,Laboratory Technician,Research & Development,1,3,4,1,1,1
1108,Research Scientist,Research & Development,1,2,4,2,2,1
1109,Manager,Research & Development,4,1,3,22,6,4
1111,Laboratory Technician,Research & Development,1,2,3,1,0,1
1113,Sales Executive,Sales,2,3,3,0,0,4
1114,Sales Executive,Sales,2,2,3,3,2,4
1115,Research Scientist,Research & Development,1,4,3,0,0,3
1116,Manager,Research & Development,4,4,4,5,4,1
1117,Sales Executive,Sales,2,3,3,15,10,2
1118,Healthcare Representative,Research & Development,3,2,3,8,6,2
1119,Sales Executive,Sales,3,3,3,8,7,3
1120,Research Scientist,Research & Development,1,4,4,7,5,3
1121,Manufacturing Director,Research & Development,3,2,3,9,7,4
1124,Manager,Sales,4,3,3,12,9,1
1125,Sales Executive,Sales,3,2,3,1,0,4
1126,Manufacturing Director,Research & Development,3,1,3,8,7,3
1127,Healthcare Representative,Research & Development,4,4,3,18,7,1
1128,Research Director,Research & Development,5,3,3,20,7,3
1131,Research Scientist,Research & Development,1,2,3,2,2,4
1132,Laboratory Technician,Research & Development,2,2,3,5,4,3
1133,Manufacturing Director,Research & Development,2,4,4,11,9,1
1135,Sales Representative,Sales,1,4,3,2,2,3
1136,Research Scientist,Research & Development,1,2,3,5,3,1
1137,Sales Executive,Sales,2,4,3,5,2,4
1138,Sales Executive,Sales,4,2,3,9,8,4
1140,Manufacturing Director,Research & Development,2,3,3,3,2,4
1143,Research Scientist,Research & Development,1,2,3,7,5,4
1148,Laboratory Technician,Research & Development,2,4,3,1,0,2
1150,Manufacturing Director,Research & Development,2,4,3,10,7,2
1152,Human Resources,Human Resources,1,3,3,7,6,3
1154,Research Scientist,Research & Development,1,3,3,3,1,3
1156,Laboratory Technician,Research & Development,1,3,3,0,0,3
1157,Sales Executive,Sales,2,1,3,5,2,1
1158,Laboratory Technician,Research & Development,1,4,3,1,0,2
1160,Laboratory Technician,Research & Development,1,3,3,2,2,3
1161,Healthcare Representative,Research & Development,2,4,3,6,2,3
1162,Research Scientist,Research & Development,1,3,3,4,2,4
1163,Sales Executive,Sales,2,3,4,6,5,2
1164,Human Resources,Human Resources,1,3,3,5,4,3
1165,Sales Executive,Sales,3,1,3,11,8,4
1166,Research Director,Research & Development,3,3,3,18,7,2
1167,Sales Executive,Sales,4,1,3,21,9,3
1171,Sales Executive,Sales,2,1,3,6,4,2
1172,Laboratory Technician,Research & Development,1,3,3,8,0,4
1173,Laboratory Technician,Research & Development,1,2,4,4,3,4
1175,Laboratory Technician,Research & Development,1,4,3,1,1,3
1177,Laboratory Technician,Research & Development,1,4,4,8,7,1
1179,Sales Executive,Sales,2,3,3,10,3,3
1180,Research Scientist,Research & Development,2,4,3,1,1,3
1182,Manufacturing Director,Research & Development,3,2,3,7,7,3
1184,Healthcare Representative,Research & Development,2,1,4,13,9,4
1185,Laboratory Technician,Research & Development,1,4,3,2,2,4
1188,Sales Executive,Sales,2,3,3,4,3,1
1190,Sales Representative,Sales,1,1,3,1,0,3
1191,Manager,Research & Development,5,1,3,5,2,4
1192,Laboratory Technician,Research & Development,1,4,3,10,8,2
1193,Research Scientist,Research & Development,1,1,4,1,1,3
1195,Research Scientist,Research & Development,1,3,3,3,2,1
1196,Manufacturing Director,Research & Development,2,4,3,14,8,4
1198,Laboratory Technician,Research & Development,1,3,3,2,2,1
1200,Research Scientist,Research & Development,1,3,3,6,4,3
1201,Manager,Research & Development,5,3,3,7,7,4
1202,Research Scientist,Research & Development,1,4,3,5,4,2
1203,Research Scientist,Research & Development,1,4,3,0,0,3
1204,Manager,Sales,4,1,4,26,15,3
1206,Research Scientist,Research & Development,1,3,3,0,0,4
1207,Human Resources,Human Resources,1,3,3,5,4,2
1210,Research Scientist,Research & Development,1,1,3,1,0,1
1211,Sales Executive,Sales,2,1,3,4,3,3
1212,Sales Executive,Sales,2,2,3,0,0,2
1215,Manager,Research & Development,4,1,4,2,2,4
1216,Laboratory Technician,Research & Development,1,1,3,6,5,4
1217,Research Director,Research & Development,5,2,3,4,2,4
1218,Sales Executive,Sales,2,1,3,7,7,3
1219,Laboratory Technician,Research & Development,1,2,3,1,0,4
1220,Sales Executive,Sales,2,3,3,10,7,2
1221,Laboratory Technician,Research & Development,1,3,3,7,7,3
1224,Laboratory Technician,Research & Development,2,3,3,10,7,3
1225,Research Scientist,Research & Development,2,4,4,20,11,4
1226,Sales Representative,Sales,1,4,3,2,1,3
1228,Manufacturing Director,Research & Development,2,4,3,6,3,4
1231,Human Resources,Human Resources,2,1,3,4,3,4
1233,Sales Executive,Sales,2,4,3,11,7,2
1234,Laboratory Technician,Research & Development,1,2,4,2,2,3
1235,Research Scientist,Research & Development,2,3,3,8,7,4
1237,Manufacturing Director,Research & Development,3,1,4,7,7,3
1238,Research Scientist,Research & Development,1,4,3,14,10,1
1239,Sales Executive,Sales,2,2,3,5,1,2
1240,Sales Executive,Sales,2,4,3,4,3,3
1241,Research Scientist,Research & Development,1,2,4,11,9,4
1242,Research Director,Research & Development,3,1,3,1,0,1
1243,Sales Executive,Sales,3,4,3,13,2,3
1244,Research Scientist,Research & Development,1,1,3,9,7,1
1245,Manufacturing Director,Research & Development,3,3,3,5,4,4
1246,Research Scientist,Research & Development,1,4,3,10,5,1
1248,Research Scientist,Research & Development,1,2,4,1,1,1
1249,Research Scientist,Research & Development,1,4,3,3,2,1
1250,Research Director,Research & Development,4,4,3,10,9,4
1251,Healthcare Representative,Research & Development,2,1,3,6,5,3
1252,Healthcare Representative,Research & Development,2,1,3,10,9,3
1254,Sales Executive,Sales,2,4,3,6,1,3
1255,Research Director,Research & Development,5,4,3,8,7,3
1256,Manager,Research & Development,5,3,3,1,0,1
1257,Research Scientist,Research & Development,1,2,3,11,10,3
1258,Laboratory Technician,Research & Development,1,2,3,1,0,4
1259,Research Scientist,Research & Development,1,3,3,5,3,1
1260,Healthcare Representative,Research & Development,2,4,3,6,0,3
1263,Research Director,Research & Development,5,4,3,1,0,4
1264,Research Director,Research & Development,4,4,3,7,7,4
1265,Research Scientist,Research & Development,1,3,3,1,0,3
1267,Manager,Sales,5,2,3,22,9,2
1268,Sales Executive,Sales,3,3,3,9,8,4
1269,Research Scientist,Research & Development,1,4,3,1,0,2
1270,Research Scientist,Research & Development,1,3,4,1,0,4
1273,Sales Representative,Sales,1,4,3,1,0,3
1275,Research Scientist,Research & Development,1,4,4,8,5,3
1277,Manager,Sales,5,2,3,24,10,1
1278,Healthcare Representative,Research & Development,4,2,3,33,9,4
1279,Laboratory Technician,Research & Development,1,3,4,2,2,1
1280,Manager,Sales,5,2,3,11,4,4
1281,Sales Executive,Sales,2,1,3,3,2,3
1282,Manager,Sales,5,2,4,29,10,4
1283,Manufacturing Director,Research & Development,3,4,3,9,7,4
1285,Laboratory Technician,Research & Development,2,2,3,11,8,3
1286,Laboratory Technician,Research & Development,1,3,3,4,2,4
1288,Manager,Research & Development,5,1,3,25,9,3
1289,Human Resources,Human Resources,2,2,3,10,9,3
1291,Research Scientist,Research & Development,1,3,3,3,2,3
1292,Research Scientist,Research & Development,2,2,3,1,0,2
1293,Sales Executive,Sales,3,4,3,21,7,4
1294,Manufacturing Director,Research & Development,2,2,3,16,14,3
1295,Healthcare Representative,Research & Development,3,4,3,10,7,1
1296,Laboratory Technician,Research & Development,1,4,3,2,2,4
1297,Laboratory Technician,Research & Development,1,3,3,7,0,2
1298,Manufacturing Director,Research & Development,2,3,3,8,4,3
1299,Laboratory Technician,Research & Development,1,3,3,7,7,2
1301,Research Scientist,Research & Development,1,1,3,3,2,4
1303,Research Scientist,Research & Development,1,2,3,2,2,4
1304,Sales Executive,Sales,2,4,3,10,7,3
1306,Manager,Research & Development,5,2,4,0,0,2
1307,Manager,Research & Development,4,2,3,19,9,3
1308,Research Scientist,Research & Development,1,3,3,2,2,1
1309,Laboratory Technician,Research & Development,2,3,3,10,4,4
1310,Research Scientist,Research & Development,1,1,3,5,2,3
1311,Laboratory Technician,Research & Development,2,4,3,9,2,1
1312,Healthcare Representative,Research & Development,3,3,3,7,7,4
1314,Human Resources,Human Resources,1,1,3,7,6,4
1315,Laboratory Technician,Research & Development,2,4,3,9,8,3
1317,Research Director,Research & Development,4,1,3,3,2,4
1318,Sales Executive,Sales,3,2,3,5,4,4
1319,Sales Executive,Sales,3,2,3,8,7,2
1321,Manager,Research & Development,3,1,4,9,1,2
1322,Manufacturing Director,Research & Development,2,3,3,8,7,1
1324,Sales Executive,Sales,3,3,3,10,8,4
1329,Sales Executive,Sales,2,2,3,19,2,3
1331,Sales Representative,Sales,1,2,3,3,2,4
1333,Laboratory Technician,Research & Development,1,1,3,3,2,1
1334,Manager,Research & Development,4,3,3,20,8,3
1336,Manager,Research & Development,5,3,3,19,9,4
1338,Manager,Human Resources,5,2,3,7,3,4
1340,Research Scientist,Research & Development,1,3,3,4,2,3
1344,Healthcare Representative,Research & Development,3,4,3,9,7,4
1346,Research Scientist,Research & Development,2,4,3,9,8,3
1349,Sales Executive,Sales,2,1,3,9,3,3
1350,Research Scientist,Research & Development,2,3,3,9,6,3
1352,Manager,Human Resources,4,2,3,33,9,3
1355,Sales Executive,Sales,2,1,3,7,7,2
1356,Sales Executive,Sales,2,1,3,10,8,3
1358,Laboratory Technician,Research & Development,1,4,3,3,2,4
1360,Manufacturing Director,Research & Development,3,1,3,10,9,3
1361,Laboratory Technician,Research & Development,1,2,4,4,2,2
1362,Sales Executive,Sales,2,1,3,15,7,1
1363,Manufacturing Director,Research & Development,3,4,3,10,9,4
1364,Sales Representative,Sales,1,4,3,1,0,3
1367,Manufacturing Director,Research & Development,4,2,3,5,2,4
1368,Laboratory Technician,Research & Development,1,4,3,0,0,4
1369,Laboratory Technician,Research & Development,2,4,3,9,7,4
1371,Sales Executive,Sales,2,4,4,6,2,4
1372,Sales Executive,Sales,4,3,3,19,7,1
1373,Manufacturing Director,Research & Development,4,2,3,19,16,4
1374,Research Scientist,Research & Development,1,3,4,5,4,1
1375,Healthcare Representative,Research & Development,2,3,4,12,11,2
1377,Laboratory Technician,Research & Development,2,3,3,8,7,2
1379,Sales Representative,Sales,1,4,3,1,0,3
1380,Sales Executive,Sales,2,3,3,4,2,4
1382,Research Scientist,Research & Development,1,3,3,4,2,4
1383,Healthcare Representative,Research & Development,2,4,3,14,11,3
1387,Sales Executive,Sales,2,1,3,5,3,3
1389,Manufacturing Director,Research & Development,2,3,3,10,2,4
1390,Sales Executive,Sales,2,4,3,5,4,1
1391,Sales Executive,Sales,3,2,3,4,2,2
1392,Research Scientist,Research & Development,2,4,3,6,2,4
1394,Research Scientist,Research & Development,1,3,3,6,4,3
1395,Sales Executive,Sales,2,4,3,5,4,2
1396,Sales Executive,Sales,2,2,3,3,2,3
1397,Healthcare Representative,Research & Development,3,3,4,6,4,3
1399,Sales Executive,Sales,2,3,3,3,2,1
1401,Manufacturing Director,Research & Development,4,3,3,5,3,4
1402,Research Scientist,Research & Development,2,3,3,20,7,1
1403,Sales Executive,Sales,2,4,3,6,2,4
1405,Research Scientist,Research & Development,1,3,3,8,2,4
1407,Research Scientist,Research & Development,1,4,3,4,3,1
1408,Manager,Human Resources,4,1,3,20,7,3
1409,Laboratory Technician,Research & Development,1,1,3,5,4,3
1411,Laboratory Technician,Research & Development,1,3,3,3,2,1
1412,Manufacturing Director,Research & Development,3,4,3,2,2,3
1415,Laboratory Technician,Research & Development,1,4,3,3,2,1
1417,Laboratory Technician,Research & Development,1,1,3,7,7,3
1419,Human Resources,Human Resources,3,1,3,10,9,2
1420,Laboratory Technician,Research & Development,2,1,4,4,3,1
1421,Healthcare Representative,Research & Development,3,4,3,8,7,3
1422,Research Director,Research & Development,4,4,3,20,7,4
1423,Research Director,Research & Development,5,1,4,9,8,4
1424,Research Director,Research & Development,4,4,3,7,7,2
1425,Sales Executive,Sales,2,2,3,5,4,1
1427,Sales Representative,Sales,1,3,3,1,0,2
1428,Sales Executive,Sales,2,1,3,3,2,4
1430,Research Director,Research & Development,4,2,3,3,2,1
1431,Research Scientist,Research & Development,1,1,3,4,3,4
1433,Research Scientist,Research & Development,1,2,3,1,0,1
1434,Laboratory Technician,Research & Development,1,1,3,5,0,2
1435,Laboratory Technician,Research & Development,2,4,3,10,4,1
1436,Sales Executive,Sales,2,1,3,3,2,3
1438,Research Scientist,Research & Development,1,4,3,6,5,1
1439,Sales Representative,Sales,1,1,3,3,2,1
1440,Laboratory Technician,Research & Development,1,3,3,6,5,3
1441,Research Scientist,Research & Development,1,1,4,3,2,1
1443,Research Director,Research & Development,4,3,3,20,17,1
1445,Sales Executive,Sales,2,3,3,5,4,4
1446,Sales Executive,Sales,2,4,3,4,3,4
1447,Laboratory Technician,Research & Development,1,2,3,5,4,4
1448,Research Scientist,Research & Development,1,3,3,4,2,2
1449,Laboratory Technician,Research & Development,2,3,3,8,7,3
1453,Sales Executive,Sales,3,4,3,13,7,1
1457,Sales Executive,Sales,3,4,3,7,7,1
1458,Laboratory Technician,Research & Development,1,1,4,1,0,1
1459,Manufacturing Director,Research & Development,3,2,3,10,8,3
1460,Healthcare Representative,Research & Development,3,1,3,7,7,2
1461,Human Resources,Human Resources,1,2,3,3,2,4
1464,Laboratory Technician,Research & Development,1,4,3,2,2,2
1465,Manufacturing Director,Research & Development,3,4,3,3,1,2
1466,Sales Executive,Sales,2,1,3,2,2,3
1467,Human Resources,Human Resources,1,3,3,2,2,1
1468,Research Director,Research & Development,3,2,3,9,8,4
1469,Sales Executive,Sales,2,1,3,5,4,4
1471,Laboratory Technician,Research & Development,1,3,3,5,2,3
1472,Research Director,Research & Development,4,2,3,9,8,4
1473,Healthcare Representative,Research & Development,2,3,3,3,2,1
1474,Research Scientist,Research & Development,1,3,3,3,1,3
1475,Research Scientist,Research & Development,1,2,3,5,2,4
1477,Sales Executive,Sales,2,1,3,4,3,4
1478,Sales Executive,Sales,2,1,3,13,9,4
1479,Sales Executive,Sales,2,3,3,2,1,4
1480,Laboratory Technician,Research & Development,1,4,3,12,9,1
1481,Sales Executive,Sales,2,3,3,1,0,1
1482,Research Scientist,Research & Development,1,3,3,1,0,3
1483,Research Scientist,Research & Development,2,3,4,12,9,2
1484,Healthcare Representative,Research & Development,3,2,3,8,7,3
1485,Research Director,Research & Development,4,1,3,14,8,2
1486,Sales Representative,Sales,1,3,3,3,2,1
1487,Sales Executive,Sales,2,2,3,5,3,1
1489,Sales Executive,Sales,2,2,4,15,9,1
1492,Sales Representative,Sales,1,3,3,1,0,4
1494,Laboratory Technician,Research & Development,1,1,3,0,0,2
1495,Sales Representative,Sales,1,2,3,1,0,4
1496,Manufacturing Director,Research & Development,3,3,3,2,2,2
1497,Sales Executive,Sales,2,3,3,10,7,3
1499,Human Resources,Human Resources,1,3,4,5,3,3
1501,Healthcare Representative,Research & Development,2,3,3,3,2,4
1502,Laboratory Technician,Research & Development,1,2,3,5,4,1
1503,Sales Executive,Sales,2,3,3,5,4,3
1504,Laboratory Technician,Research & Development,1,1,3,0,0,3
1506,Research Scientist,Research & Development,1,3,3,1,0,1
1507,Sales Executive,Sales,2,1,3,4,2,3
1509,Laboratory Technician,Research & Development,2,1,4,3,2,3
1513,Laboratory Technician,Research & Development,1,2,3,3,2,4
1514,Manufacturing Director,Research & Development,2,2,3,8,6,3
1515,Healthcare Representative,Research & Development,2,3,3,0,0,4
1516,Manager,Research & Development,3,4,4,5,2,3
1520,Manager,Research & Development,4,4,4,14,9,2
1522,Research Scientist,Research & Development,1,1,3,9,7,1
1523,Research Director,Research & Development,4,1,3,20,6,4
1525,Manufacturing Director,Research & Development,3,2,3,2,0,2
1527,Manager,Sales,4,2,3,13,12,3
1529,Healthcare Representative,Research & Development,3,2,3,11,8,4
1533,Laboratory Technician,Research & Development,2,3,3,4,3,1
1534,Laboratory Technician,Research & Development,1,1,3,5,4,4
1535,Sales Executive,Sales,3,3,3,10,9,4
1537,Research Scientist,Research & Development,1,3,3,7,2,4
1539,Research Director,Research & Development,4,4,3,32,6,3
1541,Sales Representative,Sales,1,3,4,11,10,2
1542,Laboratory Technician,Research & Development,1,2,3,1,0,3
1543,Research Scientist,Research & Development,2,4,3,10,8,1
1544,Healthcare Representative,Research & Development,2,1,3,7,7,3
1545,Manufacturing Director,Research & Development,2,2,3,5,3,4
1546,Research Scientist,Research & Development,1,4,4,5,4,4
1547,Healthcare Representative,Research & Development,3,4,3,20,8,4
1548,Sales Executive,Sales,2,1,3,8,4,1
1549,Laboratory Technician,Research & Development,2,3,3,15,14,2
1550,Manager,Human Resources,4,4,4,21,7,3
1551,Laboratory Technician,Research & Development,1,1,3,1,1,3
1552,Healthcare Representative,Research & Development,2,4,3,2,2,4
1553,Healthcare Representative,Research & Development,3,2,3,10,8,1
1554,Sales Representative,Sales,1,3,4,5,3,2
1555,Research Scientist,Research & Development,2,2,3,7,1,4
1556,Sales Representative,Sales,1,4,4,3,2,3
1557,Sales Executive,Sales,2,3,3,8,7,3
1558,Research Scientist,Research & Development,1,3,3,1,0,3
1560,Sales Executive,Sales,2,1,3,2,2,1
1562,Sales Executive,Sales,2,1,3,10,8,2
1563,Human Resources,Human Resources,2,3,3,6,3,3
1564,Laboratory Technician,Research & Development,1,1,3,3,0,4
1568,Sales Executive,Sales,3,2,3,4,2,3
1569,Laboratory Technician,Research & Development,1,1,3,1,0,1
1572,Manufacturing Director,Research & Development,3,4,3,33,7,3
1573,Manufacturing Director,Research & Development,2,2,3,5,2,3
1574,Research Scientist,Research & Development,2,1,3,6,5,4
1576,Research Scientist,Research & Development,1,1,3,8,2,3
1577,Research Scientist,Research & Development,1,4,3,1,0,1
1578,Manager,Sales,5,4,4,36,6,3
1580,Research Scientist,Research & Development,2,4,3,2,2,2
1581,Research Scientist,Research & Development,1,4,4,1,0,1
1582,Sales Executive,Sales,2,2,3,9,8,3
1583,Sales Executive,Sales,2,2,3,3,2,2
1585,Sales Executive,Sales,2,3,3,1,0,2
1586,Laboratory Technician,Research & Development,1,1,3,10,9,2
1587,Healthcare Representative,Research & Development,2,3,3,5,2,1
1588,Sales Executive,Sales,3,3,3,7,6,4
1590,Healthcare Representative,Research & Development,2,4,3,6,4,1
1591,Manager,Sales,5,3,3,1,0,3
1592,Research Scientist,Research & Development,1,3,3,2,2,4
1594,Laboratory Technician,Research & Development,2,1,3,3,2,1
1595,Manager,Research & Development,5,4,4,1,0,4
1596,Laboratory Technician,Research & Development,2,3,3,10,9,2
1597,Healthcare Representative,Research & Development,2,3,3,8,2,4
1598,Sales Executive,Sales,2,1,3,5,4,4
1599,Laboratory Technician,Research & Development,1,2,3,6,4,4
1601,Laboratory Technician,Research & Development,1,4,3,1,0,3
1602,Manager,Sales,4,1,3,26,0,4
1604,Laboratory Technician,Research & Development,1,2,3,1,1,3
1605,Research Scientist,Research & Development,1,3,3,4,2,2
1606,Healthcare Representative,Research & Development,4,3,3,30,8,2
1607,Research Scientist,Research & Development,1,4,3,3,2,2
1608,Research Director,Research & Development,5,4,3,22,7,2
1609,Research Scientist,Research & Development,1,2,3,6,4,2
1611,Laboratory Technician,Research & Development,2,1,3,10,7,3
1612,Sales Executive,Sales,2,1,3,10,7,1
1613,Sales Executive,Sales,2,1,3,5,2,4
1614,Manufacturing Director,Research & Development,2,3,3,3,2,3
1615,Manufacturing Director,Research & Development,2,4,3,9,7,3
1617,Laboratory Technician,Research & Development,1,1,3,9,6,3
1618,Manufacturing Director,Research & Development,2,1,3,7,7,2
1619,Laboratory Technician,Research & Development,1,1,3,7,7,4
1621,Research Scientist,Research & Development,2,1,3,16,15,2
1622,Manufacturing Director,Research & Development,2,1,4,5,3,2
1623,Research Scientist,Research & Development,1,4,3,2,2,3
1624,Sales Representative,Sales,1,4,3,0,0,2
1625,Manager,Human Resources,5,3,3,5,2,4
1627,Laboratory Technician,Research & Development,2,3,3,10,8,3
1628,Manufacturing Director,Research & Development,3,3,3,18,15,1
1630,Healthcare Representative,Research & Development,2,3,3,14,11,3
1631,Manufacturing Director,Research & Development,2,3,3,4,3,3
1633,Manufacturing Director,Research & Development,2,3,3,9,2,1
1635,Manufacturing Director,Research & Development,2,4,3,10,7,4
1638,Manufacturing Director,Research & Development,3,3,3,5,4,4
1639,Sales Executive,Sales,3,1,3,13,12,4
1640,Research Scientist,Research & Development,1,2,3,8,4,2
1641,Manufacturing Director,Research & Development,3,4,3,4,2,3
1642,Human Resources,Human Resources,2,4,3,10,7,1
1644,Manager,Research & Development,4,4,4,2,2,3
1645,Sales Executive,Sales,2,4,3,2,2,1
1646,Research Scientist,Research & Development,1,4,3,6,3,1
1647,Research Scientist,Research & Development,1,3,3,3,2,2
1648,Research Scientist,Research & Development,1,4,3,4,2,4
1649,Laboratory Technician,Research & Development,1,1,3,4,2,1
1650,Sales Executive,Sales,2,3,3,5,2,3
1651,Healthcare Representative,Research & Development,3,1,3,3,2,2
1653,Manufacturing Director,Research & Development,2,3,3,7,7,4
1654,Manufacturing Director,Research & Development,2,2,4,5,4,4
1655,Research Director,Research & Development,4,2,3,4,2,1
1656,Research Director,Research & Development,3,1,3,14,11,4
1657,Sales Representative,Sales,1,3,3,2,2,3
1658,Research Scientist,Research & Development,2,2,3,11,8,4
1659,Laboratory Technician,Research & Development,1,2,3,4,3,1
1661,Healthcare Representative,Research & Development,4,3,3,15,11,3
1662,Manufacturing Director,Research & Development,2,3,3,3,2,4
1664,Healthcare Representative,Research & Development,2,1,4,5,4,4
1665,Manager,Research & Development,4,3,4,10,8,2
1666,Research Director,Research & Development,4,3,4,14,10,3
1667,Sales Executive,Sales,2,4,4,11,9,4
1668,Research Scientist,Research & Development,2,4,3,13,11,4
1669,Sales Executive,Sales,2,2,3,10,0,1
1670,Sales Executive,Sales,2,4,3,6,2,4
1671,Research Scientist,Research & Development,2,2,3,9,5,4
1673,Sales Executive,Sales,2,4,3,10,0,1
1674,Laboratory Technician,Research & Development,1,1,3,2,2,4
1675,Laboratory Technician,Research & Development,1,2,4,4,3,4
1676,Manager,Sales,4,2,3,3,2,2
1677,Manager,Research & Development,4,3,3,8,7,3
1678,Sales Executive,Sales,3,3,3,2,0,4
1680,Sales Representative,Sales,1,1,3,2,2,4
1681,Sales Executive,Sales,2,4,4,6,5,3
1682,Healthcare Representative,Research & Development,2,3,3,3,2,1
1683,Human Resources,Human Resources,1,4,3,2,2,3
1684,Laboratory Technician,Research & Development,1,3,3,5,4,4
1687,Laboratory Technician,Research & Development,1,3,3,0,0,4
1689,Healthcare Representative,Research & Development,3,4,3,4,3,2
1691,Sales Representative,Sales,1,3,3,9,7,4
1692,Laboratory Technician,Research & Development,1,2,3,1,0,4
1693,Laboratory Technician,Research & Development,1,4,4,7,7,4
1694,Research Scientist,Research & Development,1,2,3,4,2,1
1696,Laboratory Technician,Research & Development,2,4,3,15,10,2
1697,Healthcare Representative,Research & Development,3,4,4,1,0,3
1698,Laboratory Technician,Research & Development,1,2,3,14,11,2
1700,Sales Executive,Sales,2,4,3,6,3,3
1701,Research Scientist,Research & Development,1,4,3,10,9,2
1702,Sales Representative,Sales,1,4,4,3,2,3
1703,Healthcare Representative,Research & Development,3,4,3,8,7,3
1704,Research Scientist,Research & Development,1,4,3,5,4,1
1706,Sales Executive,Sales,2,4,3,10,9,4
1707,Research Scientist,Research & Development,1,3,3,5,3,3
1708,Sales Executive,Sales,3,3,3,10,8,4
1709,Laboratory Technician,Research & Development,1,3,3,5,3,4
1710,Sales Representative,Sales,2,4,3,13,7,3
1712,Healthcare Representative,Research & Development,3,3,4,23,15,3
1714,Human Resources,Human Resources,1,3,3,1,0,4
1716,Sales Executive,Sales,4,3,3,23,5,3
1718,Laboratory Technician,Research & Development,1,3,3,3,2,4
1719,Research Director,Research & Development,4,2,3,21,6,4
1720,Research Scientist,Research & Development,1,3,3,5,2,1
1721,Laboratory Technician,Research & Development,1,3,3,5,2,2
1722,Human Resources,Human Resources,2,2,3,3,2,3
1724,Manufacturing Director,Research & Development,2,1,3,1,0,2
1725,Laboratory Technician,Research & Development,1,1,3,6,2,2
1727,Healthcare Representative,Research & Development,2,2,3,10,7,3
1728,Manufacturing Director,Research & Development,2,3,3,7,7,4
1729,Research Scientist,Research & Development,1,4,3,10,0,2
1731,Sales Executive,Sales,2,2,3,1,0,3
1732,Sales Executive,Sales,3,4,3,10,6,3
1733,Sales Executive,Sales,2,1,3,2,2,2
1734,Sales Executive,Sales,2,2,3,0,0,1
1735,Laboratory Technician,Research & Development,1,2,3,3,2,3
1736,Manufacturing Director,Research & Development,2,4,4,5,4,4
1737,Laboratory Technician,Research & Development,2,4,3,9,8,4
1739,Sales Executive,Sales,3,3,3,4,3,4
1740,Manager,Sales,5,2,3,21,8,2
1744,Human Resources,Human Resources,3,3,4,5,0,3
1745,Research Scientist,Research & Development,1,1,3,9,7,4
1746,Human Resources,Human Resources,1,4,3,2,2,1
1747,Human Resources,Human Resources,1,4,3,4,2,3
1749,Sales Executive,Sales,2,3,3,5,2,1
1751,Research Scientist,Research & Development,1,4,3,6,2,3
1752,Sales Representative,Sales,1,2,3,2,2,2
1753,Healthcare Representative,Research & Development,2,3,3,3,2,4
1754,Sales Executive,Sales,3,1,3,7,7,3
1755,Research Scientist,Research & Development,1,4,3,5,0,4
1756,Sales Executive,Sales,2,2,3,11,7,4
1757,Sales Executive,Sales,2,4,3,5,1,4
1758,Sales Executive,Sales,3,1,4,0,0,1
1760,Laboratory Technician,Research & Development,1,2,3,6,1,3
1761,Sales Executive,Sales,3,3,3,1,0,1
1762,Research Scientist,Research & Development,1,1,3,1,0,4
1763,Healthcare Representative,Research & Development,2,3,3,7,0,3
1764,Research Scientist,Research & Development,1,2,3,7,7,2
1766,Healthcare Representative,Research & Development,2,4,3,1,0,2
1767,Research Scientist,Research & Development,1,3,3,1,0,3
1768,Laboratory Technician,Research & Development,1,2,4,5,3,2
1770,Research Director,Research & Development,5,1,3,1,0,3
1771,Research Scientist,Research & Development,2,2,3,9,8,4
1772,Laboratory Technician,Research & Development,1,1,4,5,3,3
1774,Sales Executive,Sales,2,3,3,15,14,4
1775,Manufacturing Director,Research & Development,4,3,4,3,2,1
1778,Human Resources,Human Resources,1,4,3,9,7,2
1779,Sales Executive,Sales,2,4,3,2,2,4
1780,Sales Representative,Sales,1,2,3,1,0,2
1782,Laboratory Technician,Research & Development,1,3,3,5,4,4
1783,Laboratory Technician,Research & Development,1,1,3,1,0,3
1784,Sales Executive,Sales,2,4,3,12,7,1
1786,Manager,Research & Development,3,3,3,2,2,1
1787,Sales Executive,Sales,2,2,3,5,2,2
1789,Research Director,Research & Development,5,4,3,2,1,3
1790,Healthcare Representative,Research & Development,3,1,3,12,8,4
1792,Research Scientist,Research & Development,1,2,3,5,3,3
1794,Human Resources,Human Resources,2,2,3,10,0,3
1797,Sales Executive,Sales,2,4,3,10,7,3
1798,Research Scientist,Research & Development,1,1,3,10,8,4
1799,Research Scientist,Research & Development,1,4,3,5,3,3
1800,Research Director,Research & Development,3,3,4,4,3,3
1801,Sales Executive,Sales,2,2,3,2,2,2
1802,Laboratory Technician,Research & Development,1,1,3,4,3,3
1803,Healthcare Representative,Research & Development,2,1,3,0,0,2
1804,Manufacturing Director,Research & Development,2,4,3,7,7,2
1805,Human Resources,Human Resources,1,2,3,11,10,1
1807,Laboratory Technician,Research & Development,2,1,3,7,1,4
1809,Manufacturing Director,Research & Development,2,1,3,10,3,4
1812,Sales Executive,Sales,2,4,3,2,1,3
1813,Research Scientist,Research & Development,1,3,3,3,2,1
1814,Healthcare Representative,Research & Development,2,2,3,3,2,2
1815,Sales Executive,Sales,3,3,3,22,14,3
1816,Manufacturing Director,Research & Development,3,3,3,7,7,1
1818,Human Resources,Human Resources,1,2,3,5,1,4
1821,Healthcare Representative,Research & Development,2,2,4,9,7,4
1822,Healthcare Representative,Research & Development,2,4,3,5,3,3
1823,Sales Executive,Sales,2,3,4,10,8,2
1824,Manager,Sales,4,2,4,16,9,2
1826,Laboratory Technician,Research & Development,1,3,3,5,4,2
1827,Manufacturing Director,Research & Development,3,2,3,22,11,3
1829,Healthcare Representative,Research & Development,2,1,3,7,4,2
1830,Research Scientist,Research & Development,2,4,3,7,1,4
1833,Sales Executive,Sales,3,1,3,3,2,1
1834,Research Scientist,Research & Development,1,1,4,3,2,3
1835,Sales Representative,Sales,2,4,4,4,2,2
1836,Sales Executive,Sales,2,4,3,5,3,3
1837,Research Director,Research & Development,4,3,3,2,2,1
1839,Research Scientist,Research & Development,1,3,3,0,0,2
1842,Human Resources,Human Resources,1,1,3,1,0,4
1844,Human Resources,Human Resources,1,1,3,2,2,1
1845,Sales Executive,Sales,2,3,4,8,7,3
1847,Research Scientist,Research & Development,2,2,4,1,0,4
1849,Sales Executive,Sales,2,4,4,7,7,1
1850,Laboratory Technician,Research & Development,1,4,3,5,4,4
1852,Laboratory Technician,Research & Development,1,4,3,11,8,4
1853,Sales Executive,Sales,2,4,3,0,0,4
1854,Research Scientist,Research & Development,1,3,4,6,3,3
1856,Laboratory Technician,Research & Development,1,3,3,2,2,2
1857,Manufacturing Director,Research & Development,3,4,3,9,8,4
1858,Human Resources,Human Resources,1,4,3,3,2,3
1859,Healthcare Representative,Research & Development,2,3,3,7,0,4
1860,Laboratory Technician,Research & Development,1,3,3,0,0,4
1862,Sales Executive,Sales,2,2,3,2,2,3
1863,Sales Executive,Sales,4,1,3,19,17,1
1864,Sales Representative,Sales,2,3,4,9,8,2
1865,Human Resources,Human Resources,1,2,3,1,0,4
1866,Manager,Research & Development,5,3,3,16,12,1
1867,Research Director,Research & Development,5,2,3,22,10,4
1868,Research Scientist,Research & Development,1,4,4,1,0,4
1869,Sales Executive,Sales,3,2,4,8,7,3
1870,Research Scientist,Research & Development,1,1,3,7,6,4
1871,Research Scientist,Research & Development,2,4,3,2,2,4
1873,Research Scientist,Research & Development,1,4,4,5,2,2
1875,Sales Representative,Sales,1,2,3,1,0,2
1876,Sales Representative,Sales,1,4,3,1,0,2
1878,Research Scientist,Research & Development,1,2,4,1,0,4
1880,Sales Executive,Sales,2,3,3,10,9,2
1881,Laboratory Technician,Research & Development,2,3,3,10,8,2
1882,Sales Executive,Sales,3,4,3,5,3,3
1883,Laboratory Technician,Research & Development,1,1,3,3,2,4
1885,Research Scientist,Research & Development,2,1,4,5,3,4
1886,Manufacturing Director,Research & Development,2,2,3,3,2,4
1888,Manufacturing Director,Research & Development,2,4,3,9,8,2
1890,Human Resources,Human Resources,2,4,4,10,1,2
1892,Manager,Research & Development,4,1,3,19,7,1
1893,Research Scientist,Research & Development,1,3,3,1,0,2
1898,Sales Executive,Sales,2,3,3,8,7,1
1900,Manager,Research & Development,4,4,3,22,17,4
1903,Healthcare Representative,Research & Development,2,1,3,2,0,2
1905,Research Scientist,Research & Development,1,1,4,5,2,4
1907,Laboratory Technician,Research & Development,1,4,3,4,2,1
1908,Sales Executive,Sales,2,2,3,4,2,3
1909,Sales Executive,Sales,2,2,4,5,4,3
1911,Research Director,Research & Development,3,1,3,13,7,3
1912,Sales Executive,Sales,2,4,3,5,2,3
1915,Sales Executive,Sales,2,4,3,4,2,4
1916,Laboratory Technician,Research & Development,1,3,3,2,2,1
1918,Laboratory Technician,Research & Development,1,4,3,7,7,3
1922,Healthcare Representative,Research & Development,2,3,3,4,2,2
1924,Sales Executive,Sales,2,3,3,10,4,2
1927,Sales Executive,Sales,2,4,3,7,7,3
1928,Sales Representative,Sales,1,1,3,1,0,3
1929,Sales Executive,Sales,2,3,3,3,2,1
1931,Research Scientist,Research & Development,1,2,3,5,3,2
1932,Research Scientist,Research & Development,2,4,3,15,10,3
1933,Sales Executive,Sales,2,3,3,2,0,4
1934,Research Scientist,Research & Development,2,2,3,8,7,3
1935,Sales Executive,Sales,2,1,3,0,0,4
1936,Manufacturing Director,Research & Development,2,1,4,10,0,1
1937,Research Scientist,Research & Development,2,2,3,20,11,4
1938,Manager,Sales,4,4,3,1,0,4
1939,Research Scientist,Research & Development,1,3,3,4,1,1
1940,Research Scientist,Research & Development,1,4,3,5,2,2
1941,Research Director,Research & Development,5,4,3,5,4,2
1943,Sales Executive,Sales,2,4,3,0,0,2
1944,Human Resources,Human Resources,1,2,3,1,0,1
1945,Sales Executive,Sales,2,1,3,5,3,2
1947,Research Scientist,Research & Development,1,3,3,5,3,3
1948,Research Scientist,Research & Development,1,1,3,4,2,3
1949,Laboratory Technician,Research & Development,1,2,4,5,4,1
1950,Sales Executive,Sales,3,4,4,14,8,1
1951,Sales Executive,Sales,3,3,3,8,7,4
1952,Laboratory Technician,Research & Development,1,1,3,7,7,3
1954,Healthcare Representative,Research & Development,2,1,3,5,3,1
1955,Healthcare Representative,Research & Development,2,4,3,5,1,3
1956,Research Scientist,Research & Development,2,1,4,10,8,4
1960,Laboratory Technician,Research & Development,1,4,3,4,1,3
1961,Sales Representative,Sales,1,1,3,1,0,1
1962,Sales Executive,Sales,2,4,3,10,8,3
1965,Sales Executive,Sales,2,4,3,7,7,4
1966,Manufacturing Director,Research & Development,2,4,4,1,0,4
1967,Sales Executive,Sales,2,4,3,10,7,1
1968,Sales Executive,Sales,3,1,3,2,2,1
1969,Research Scientist,Research & Development,2,3,3,4,3,1
1970,Healthcare Representative,Research & Development,2,3,4,9,7,4
1971,Healthcare Representative,Research & Development,3,3,3,10,9,1
1972,Human Resources,Human Resources,1,2,3,6,2,4
1973,Manager,Human Resources,5,2,3,10,9,3
1974,Laboratory Technician,Research & Development,1,4,3,1,0,4
1975,Sales Executive,Sales,4,1,3,20,8,2
1976,Research Scientist,Research & Development,2,3,3,20,9,4
1979,Research Director,Research & Development,3,3,4,11,7,3
1980,Manufacturing Director,Research & Development,2,1,3,5,2,3
1981,Healthcare Representative,Research & Development,2,3,3,4,3,2
1982,Laboratory Technician,Research & Development,1,4,3,5,2,4
1985,Laboratory Technician,Research & Development,2,3,3,10,9,4
1986,Sales Executive,Sales,2,2,3,11,8,2
1987,Human Resources,Human Resources,1,2,3,2,0,3
1989,Laboratory Technician,Research & Development,1,2,3,12,8,4
1992,Laboratory Technician,Research & Development,1,3,3,2,2,4
1993,Healthcare Representative,Research & Development,3,3,4,17,14,1
1994,Laboratory Technician,Research & Development,1,3,3,1,1,2
1995,Sales Executive,Sales,2,2,3,15,13,4
1996,Sales Representative,Sales,1,3,3,2,2,1
1997,Manufacturing Director,Research & Development,2,3,3,8,3,1
1998,Research Scientist,Research & Development,2,1,3,4,3,4
1999,Research Scientist,Research & Development,1,4,4,5,3,4
2000,Research Director,Research & Development,3,2,3,13,8,3
2003,Laboratory Technician,Research & Development,1,3,3,2,2,4
2007,Research Scientist,Research & Development,1,3,3,3,2,4
2008,Research Scientist,Research & Development,2,3,3,10,7,2
2009,Healthcare Representative,Research & Development,2,4,3,9,7,2
2010,Laboratory Technician,Research & Development,1,2,3,6,2,3
2012,Laboratory Technician,Research & Development,1,4,3,1,0,1
2013,Sales Representative,Sales,1,2,3,2,2,2
2014,Research Scientist,Research & Development,2,4,3,7,7,1
2015,Research Director,Research & Development,3,3,3,18,16,2
2016,Sales Executive,Sales,3,4,3,14,10,3
2017,Research Director,Research & Development,3,4,4,16,11,3
2018,Sales Executive,Sales,2,3,4,5,3,1
2019,Sales Representative,Sales,1,4,3,9,8,1
2020,Research Scientist,Research & Development,1,4,3,4,3,2
2021,Sales Representative,Sales,1,1,3,2,2,3
2022,Manager,Research & Development,5,4,3,6,0,4
2023,Sales Representative,Sales,1,1,3,1,0,4
2024,Sales Executive,Sales,3,4,3,9,7,1
2025,Manufacturing Director,Research & Development,2,2,3,4,2,4
2026,Healthcare Representative,Research & Development,2,3,4,13,12,3
2027,Research Scientist,Research & Development,1,4,3,2,2,1
2031,Manager,Research & Development,5,3,3,22,6,1
2032,Laboratory Technician,Research & Development,1,3,3,10,9,4
2034,Manufacturing Director,Research & Development,4,2,4,20,7,1
2035,Sales Executive,Sales,2,3,4,8,7,4
2036,Sales Executive,Sales,2,4,4,15,12,4
2037,Sales Executive,Sales,2,2,3,5,4,3
2038,Research Scientist,Research & Development,1,1,3,4,2,4
2040,Human Resources,Human Resources,3,4,3,9,0,3
2041,Sales Executive,Sales,2,4,3,10,7,1
2044,Sales Executive,Sales,2,3,3,6,3,2
2045,Sales Executive,Sales,2,4,3,6,3,2
2046,Sales Executive,Sales,2,3,3,5,3,4
2048,Research Scientist,Research & Development,1,3,3,2,2,3
2049,Healthcare Representative,Research & Development,2,3,3,10,2,3
2051,Research Scientist,Research & Development,1,3,3,5,3,3
2052,Research Scientist,Research & Development,1,4,3,4,3,3
2053,Laboratory Technician,Research & Development,2,2,3,4,3,4
2054,Research Scientist,Research & Development,1,1,3,5,4,4
2055,Sales Executive,Sales,3,1,3,3,2,4
2056,Sales Executive,Sales,4,4,3,20,9,2
2057,Manufacturing Director,Research & Development,2,1,3,9,4,2
2060,Sales Representative,Sales,1,3,3,4,2,4
2061,Laboratory Technician,Research & Development,2,4,3,5,2,3
2062,Healthcare Representative,Research & Development,3,1,3,7,7,4
2064,Manufacturing Director,Research & Development,2,2,4,6,2,2
2065,Sales Executive,Sales,2,2,3,9,6,4
2068,Laboratory Technician,Research & Development,2,3,3,4,3,2
